term,true_value,estimate_mean,estimate_sd,se_mean,coverage
beta_0,-5,-5.029223683407583,0.41377412073834463,0.3256082187658224,0.9467
beta_logHI,2,2.0098141419751276,0.10242282287875652,0.10162185378864053,0.9487
beta_logNI,1,1.0041358622215575,0.07958146705232085,0.057778046430475134,0.9475
theta,0,6.32066500351996e-4,0.047608383119394596,0.045545486637852454,0.953
