term,true_value,estimate_mean,estimate_sd,se_mean,coverage
beta_0,-5,-5.0180736639565895,0.316079490065516,0.31536841215908795,0.95073
beta_logtitre,2,2.006634176718044,0.10397381182615699,0.1037181388442785,0.95045
lambda,0.5,0.5001673730514311,0.009115941503279518,0.009128840322424937,0.95029
