term,true_value,estimate_mean,estimate_sd,se_mean,coverage
beta_0,-5,-5.026681403898044,0.32442409252753335,0.32154391930507414,0.9467
beta_logHI,2,2.0097236907486753,0.1019820642569762,0.10111740448171273,0.9487
beta_logNI,1,1.004684896111841,0.057971706465604955,0.057335952101327685,0.9475
lambda,0.5,0.500190098246776,0.011407382169832817,0.01138088693900135,0.9526
