term,true_value,estimate_mean,estimate_sd,se_mean,coverage
beta_0,-5,-5.026681403898044,0.3244240925275335,0.32154391942493327,0.9467
beta_logHI,2,2.0097236907486753,0.10198206425697615,0.10111740451104127,0.9487
beta_logNI,1,1.0046848961118409,0.05797170646560495,0.057335952112944,0.9475
theta,0,7.612026932327762e-4,0.045653522709070624,0.04554735915147593,0.9531
